Workbook

Sheet Calculations
A1: The same methodology is used as in the Annex Engineering's Extruder Force Comparison
A2: Parameter | B2: HGX6 | C2: HGX7 | D2: HGX8 | E2: HGX10 | F2: Sherpa8 | G2: Sherpa10 | H2: VZHex Plus8 | I2: VZHex Plus6 | J2: Hybrid6 | K2: K1 Extruder
A3: Motor Gear A | B3: 6 | C3: 7 | D3: 8 | E3: 10 | F3: 8 | G3: 10 | H3: 8 | I3: 6 | J3: 6 | K3: 12 | L3: Gear teeth count | P3: Target Volumetric | Q3: 75
A4: Reduction Gear B | B4: 44 | C4: 44 | D4: 44 | E4: 44 | F4: 50 | G4: 50 | H4: 60 | I4: 60 | J4: 44 | K4: 30 | P4: Linear filament speed | Q4: =ROUND(Q3/2.405,3) -> 31.185
A5: Co-shaft Gear C | B5: 17 | C5: 17 | D5: 17 | E5: 17 | F5: 1 | G5: 1 | H5: 1 | I5: 1 | J5: 17 | K5: 12
A6: Filament Gear D | B6: 36 | C6: 36 | D6: 36 | E6: 36 | F6: 1 | G6: 1 | H6: 1 | I6: 1 | J6: 30 | K6: 30
A7: Reduction | B7: =B4/B3*(B6/B5) -> 15.529412 | C7: =C4/C3*(C6/C5) -> 13.310924 | D7: =D4/D3*(D6/D5) -> 11.647059 | E7: =E4/E3*(E6/E5) -> 9.3176471 | F7: =F4/F3*(F6/F5) -> 6.25 | G7: =G4/G3*(G6/G5) -> 5 | H7: =H4/H3*(H6/H5) -> 7.5 | I7: =I4/I3*(I6/I5) -> 10 | ... K7: =K4/K3*(K6/K5) -> 6.25
A8: Hob radius | B8: =17.5/2 -> 8.75 | C8: =17.5/2 -> 8.75 | D8: =17.5/2 -> 8.75 | E8: =17.5/2 -> 8.75 | F8: 3.7 | G8: 3.7 | H8: 5.9 | I8: 5.9 | J8: =13.8/2 -> 6.9 | K8: =13.8/2 -> 6.9 | L8: Measure in CAD
A9: Efficiency | B9: 0.9 | C9: 0.9 | D9: 0.9 | E9: 0.9 | F9: 0.95 | G9: 0.95 | H9: 0.95 | I9: 0.95 | J9: 0.9 | K9: 0.9 | L9: Minus ~5% for each reduction
A10: Force Multiplier | B10: =B7/B8*B9 -> 1.5973109 | C10: =C7/C8*C9 -> 1.3691236 | D10: =D7/D8*D9 -> 1.1979832 | E10: =E7/E8*E9 -> 0.95838655 | F10: =F7/F8*F9 -> 1.6047297 | G10: =G7/G8*G9 -> 1.2837838 | H10: =H7/H8*H9 -> 1.2076271 | I10: =I7/I8*I9 -> 1.6101695 | ... K10: =K7/K8*K9 -> 0.81521739
A11: Drive gear circumreference | B11: =2*PI()*B8 -> 54.977871 | C11: =2*PI()*C8 -> 54.977871 | D11: =2*PI()*D8 -> 54.977871 | E11: =2*PI()*E8 -> 54.977871 | F11: =2*PI()*F8 -> 23.247786 | G11: =2*PI()*G8 -> 23.247786 | H11: =2*PI()*H8 -> 37.070793 | I11: =2*PI()*I8 -> 37.070793 | ... K11: =2*PI()*K8 -> 43.353979
A12: RPM at target volumetric | B12: =$Q$4*60*B7/B11 -> 528.52323 | C12: =$Q$4*60*C7/C11 -> 453.01991 | D12: =$Q$4*60*D7/D11 -> 396.39242 | E12: =$Q$4*60*E7/E11 -> 317.11394 | F12: =$Q$4*60*F7/F11 -> 503.03178 | G12: =$Q$4*60*G7/G11 -> 402.42542 | H12: =$Q$4*60*H7/H11 -> 378.55273 | I12: =$Q$4*60*I7/I11 -> 504.73697 | ... K12: =$Q$4*60*K7/K11 -> 269.74168 | L12: Values for the target in Q3
A13: Force at RPM | B13: {=ROUND(INDEX(Table1[Torque],MATCH(MIN(ABS(Table1[RPM]-Calculations!B12)),ABS(Table1[RPM]-Calculations!B12),0))*B10,0)} -> 181 | C13: {=ROUND(INDEX(Table1[Torque],MATCH(MIN(ABS(Table1[RPM]-Calculations!C12)),ABS(Table1[RPM]-Calculations!C12),0))*C10,0)} -> 152 | D13: {=ROUND(INDEX(Table1[Torque],MATCH(MIN(ABS(Table1[RPM]-Calculations!D12)),ABS(Table1[RPM]-Calculations!D12),0))*D10,0)} -> 132 | E13: {=ROUND(INDEX(Table1[Torque],MATCH(MIN(ABS(Table1[RPM]-Calculations!E12)),ABS(Table1[RPM]-Calculations!E12),0))*E10,0)} -> 102 | F13: {=ROUND(INDEX(Table1[Torque],MATCH(MIN(ABS(Table1[RPM]-Calculations!F12)),ABS(Table1[RPM]-Calculations!F12),0))*F10,0)} -> 180 | G13: {=ROUND(INDEX(Table1[Torque],MATCH(MIN(ABS(Table1[RPM]-Calculations!G12)),ABS(Table1[RPM]-Calculations!G12),0))*G10,0)} -> 141 | H13: {=ROUND(INDEX(Table1[Torque],MATCH(MIN(ABS(Table1[RPM]-Calculations!H12)),ABS(Table1[RPM]-Calculations!H12),0))*H10,0)} -> 132 | I13: {=ROUND(INDEX(Table1[Torque],MATCH(MIN(ABS(Table1[RPM]-Calculations!I12)),ABS(Table1[RPM]-Calculations!I12),0))*I10,0)} -> 180 | ... K13: {=ROUND(INDEX(Table1[Torque],MATCH(MIN(ABS(Table1[RPM]-Calculations!K12)),ABS(Table1[RPM]-Calculations!K12),0))*K10,0)} -> 85
A14: Reduction gear weight | B14: 4.5 | F14: 7.82 | I14: 10.35 | J14: 4.5 | K14: 4.5
A15: Reduction gear shaft | B15: 0.9 | J15: 0.9 | K15: 0.9
A16: Secondary gear | B16: =13.7 -> 13.7 | F16: 5.5 | I16: 5.75
A17: Secondary gear shaft | B17: 0.7 | F17: 1.1 | I17: 0.72 | J17: 0.7 | K17: 0.7
A18: Bearings | B18: 1 | I18: =2*0.38 -> 0.76 | J18: 1 | K18: 1
A19: Gears Weight | B19: =SUM(B14:B18) -> 20.8 | C19: =SUM(C14:C18) -> 0 | D19: =SUM(D14:D18) -> 0 | E19: =SUM(E14:E18) -> 0 | F19: =SUM(F14:F18) -> 14.42 | G19: =SUM(G14:G18) -> 0 | H19: =SUM(H14:H18) -> 0 | I19: =SUM(I14:I18) -> 17.58 | ... K19: =SUM(K14:K18) -> 7.1
A23: Flow | B23: HGX6 | C23: Sherpa8 | D23: Sherpa10 | E23: VZHexPlus8 | F23: VZHexPlus6 | G23: Hybrid6 | H23: K1 6t
A24: 10 | B24: {=ROUND(INDEX(Table1[Torque],MATCH(MIN(ABS(Table1[RPM]-Table3[[#This Row],[Flow]]/2.405*60*$B$7/$B$11)),ABS(Table1[RPM]-Table3[[#This Row],[Flow]]/2.405*60*$B$7/$B$11),0))*$B$10,0)} -> 152 | C24: {=ROUND(INDEX(Table1[Torque],MATCH(MIN(ABS(Table1[RPM]-Table3[[#This Row],[Flow]]/2.405*60*$F$7/$F$11)),ABS(Table1[RPM]-Table3[[#This Row],[Flow]]/2.405*60*$F$7/$F$11),0))*$F$10,0)} -> 152 | D24: {=ROUND(INDEX(Table1[Torque],MATCH(MIN(ABS(Table1[RPM]-Table3[[#This Row],[Flow]]/2.405*60*$G$7/$G$11)),ABS(Table1[RPM]-Table3[[#This Row],[Flow]]/2.405*60*$G$7/$G$11),0))*$G$10,0)} -> 122 | E24: {=ROUND(INDEX(Table1[Torque],MATCH(MIN(ABS(Table1[RPM]-Table3[[#This Row],[Flow]]/2.405*60*$H$7/$H$11)),ABS(Table1[RPM]-Table3[[#This Row],[Flow]]/2.405*60*$H$7/$H$11),0))*$H$10,0)} -> 115 | F24: {=ROUND(INDEX(Table1[Torque],MATCH(MIN(ABS(Table1[RPM]-Table3[[#This Row],[Flow]]/2.405*60*$I$7/$I$11)),ABS(Table1[RPM]-Table3[[#This Row],[Flow]]/2.405*60*$I$7/$I$11),0))*$I$10,0)} -> 153 | G24: {=ROUND(INDEX(Table1[Torque],MATCH(MIN(ABS(Table1[RPM]-Table3[[#This Row],[Flow]]/2.405*60*$J$7/$J$11)),ABS(Table1[RPM]-Table3[[#This Row],[Flow]]/2.405*60*$J$7/$J$11),0))*$J$10,0)} -> 160 | H24: {=ROUND(INDEX(Table1[Torque],MATCH(MIN(ABS(Table1[RPM]-Table3[[#This Row],[Flow]]/2.405*60*$K$7/$K$11)),ABS(Table1[RPM]-Table3[[#This Row],[Flow]]/2.405*60*$K$7/$K$11),0))*$K$10,0)} -> 77
A25: 15 | B25: {=ROUND(INDEX(Table1[Torque],MATCH(MIN(ABS(Table1[RPM]-Table3[[#This Row],[Flow]]/2.405*60*$B$7/$B$11)),ABS(Table1[RPM]-Table3[[#This Row],[Flow]]/2.405*60*$B$7/$B$11),0))*$B$10,0)} -> 152 | C25: {=ROUND(INDEX(Table1[Torque],MATCH(MIN(ABS(Table1[RPM]-Table3[[#This Row],[Flow]]/2.405*60*$F$7/$F$11)),ABS(Table1[RPM]-Table3[[#This Row],[Flow]]/2.405*60*$F$7/$F$11),0))*$F$10,0)} -> 152 | D25: {=ROUND(INDEX(Table1[Torque],MATCH(MIN(ABS(Table1[RPM]-Table3[[#This Row],[Flow]]/2.405*60*$G$7/$G$11)),ABS(Table1[RPM]-Table3[[#This Row],[Flow]]/2.405*60*$G$7/$G$11),0))*$G$10,0)} -> 122 | E25: {=ROUND(INDEX(Table1[Torque],MATCH(MIN(ABS(Table1[RPM]-Table3[[#This Row],[Flow]]/2.405*60*$H$7/$H$11)),ABS(Table1[RPM]-Table3[[#This Row],[Flow]]/2.405*60*$H$7/$H$11),0))*$H$10,0)} -> 115 | F25: {=ROUND(INDEX(Table1[Torque],MATCH(MIN(ABS(Table1[RPM]-Table3[[#This Row],[Flow]]/2.405*60*$I$7/$I$11)),ABS(Table1[RPM]-Table3[[#This Row],[Flow]]/2.405*60*$I$7/$I$11),0))*$I$10,0)} -> 153 | G25: {=ROUND(INDEX(Table1[Torque],MATCH(MIN(ABS(Table1[RPM]-Table3[[#This Row],[Flow]]/2.405*60*$J$7/$J$11)),ABS(Table1[RPM]-Table3[[#This Row],[Flow]]/2.405*60*$J$7/$J$11),0))*$J$10,0)} -> 161 | H25: {=ROUND(INDEX(Table1[Torque],MATCH(MIN(ABS(Table1[RPM]-Table3[[#This Row],[Flow]]/2.405*60*$K$7/$K$11)),ABS(Table1[RPM]-Table3[[#This Row],[Flow]]/2.405*60*$K$7/$K$11),0))*$K$10,0)} -> 77
A26: 20 | B26: {=ROUND(INDEX(Table1[Torque],MATCH(MIN(ABS(Table1[RPM]-Table3[[#This Row],[Flow]]/2.405*60*$B$7/$B$11)),ABS(Table1[RPM]-Table3[[#This Row],[Flow]]/2.405*60*$B$7/$B$11),0))*$B$10,0)} -> 154 | C26: {=ROUND(INDEX(Table1[Torque],MATCH(MIN(ABS(Table1[RPM]-Table3[[#This Row],[Flow]]/2.405*60*$F$7/$F$11)),ABS(Table1[RPM]-Table3[[#This Row],[Flow]]/2.405*60*$F$7/$F$11),0))*$F$10,0)} -> 154 | D26: {=ROUND(INDEX(Table1[Torque],MATCH(MIN(ABS(Table1[RPM]-Table3[[#This Row],[Flow]]/2.405*60*$G$7/$G$11)),ABS(Table1[RPM]-Table3[[#This Row],[Flow]]/2.405*60*$G$7/$G$11),0))*$G$10,0)} -> 122 | E26: {=ROUND(INDEX(Table1[Torque],MATCH(MIN(ABS(Table1[RPM]-Table3[[#This Row],[Flow]]/2.405*60*$H$7/$H$11)),ABS(Table1[RPM]-Table3[[#This Row],[Flow]]/2.405*60*$H$7/$H$11),0))*$H$10,0)} -> 115 | F26: {=ROUND(INDEX(Table1[Torque],MATCH(MIN(ABS(Table1[RPM]-Table3[[#This Row],[Flow]]/2.405*60*$I$7/$I$11)),ABS(Table1[RPM]-Table3[[#This Row],[Flow]]/2.405*60*$I$7/$I$11),0))*$I$10,0)} -> 155 | G26: {=ROUND(INDEX(Table1[Torque],MATCH(MIN(ABS(Table1[RPM]-Table3[[#This Row],[Flow]]/2.405*60*$J$7/$J$11)),ABS(Table1[RPM]-Table3[[#This Row],[Flow]]/2.405*60*$J$7/$J$11),0))*$J$10,0)} -> 164 | H26: {=ROUND(INDEX(Table1[Torque],MATCH(MIN(ABS(Table1[RPM]-Table3[[#This Row],[Flow]]/2.405*60*$K$7/$K$11)),ABS(Table1[RPM]-Table3[[#This Row],[Flow]]/2.405*60*$K$7/$K$11),0))*$K$10,0)} -> 77
A27: 25 | B27: {=ROUND(INDEX(Table1[Torque],MATCH(MIN(ABS(Table1[RPM]-Table3[[#This Row],[Flow]]/2.405*60*$B$7/$B$11)),ABS(Table1[RPM]-Table3[[#This Row],[Flow]]/2.405*60*$B$7/$B$11),0))*$B$10,0)} -> 158 | C27: {=ROUND(INDEX(Table1[Torque],MATCH(MIN(ABS(Table1[RPM]-Table3[[#This Row],[Flow]]/2.405*60*$F$7/$F$11)),ABS(Table1[RPM]-Table3[[#This Row],[Flow]]/2.405*60*$F$7/$F$11),0))*$F$10,0)} -> 158 | D27: {=ROUND(INDEX(Table1[Torque],MATCH(MIN(ABS(Table1[RPM]-Table3[[#This Row],[Flow]]/2.405*60*$G$7/$G$11)),ABS(Table1[RPM]-Table3[[#This Row],[Flow]]/2.405*60*$G$7/$G$11),0))*$G$10,0)} -> 124 | E27: {=ROUND(INDEX(Table1[Torque],MATCH(MIN(ABS(Table1[RPM]-Table3[[#This Row],[Flow]]/2.405*60*$H$7/$H$11)),ABS(Table1[RPM]-Table3[[#This Row],[Flow]]/2.405*60*$H$7/$H$11),0))*$H$10,0)} -> 116 | F27: {=ROUND(INDEX(Table1[Torque],MATCH(MIN(ABS(Table1[RPM]-Table3[[#This Row],[Flow]]/2.405*60*$I$7/$I$11)),ABS(Table1[RPM]-Table3[[#This Row],[Flow]]/2.405*60*$I$7/$I$11),0))*$I$10,0)} -> 158 | G27: {=ROUND(INDEX(Table1[Torque],MATCH(MIN(ABS(Table1[RPM]-Table3[[#This Row],[Flow]]/2.405*60*$J$7/$J$11)),ABS(Table1[RPM]-Table3[[#This Row],[Flow]]/2.405*60*$J$7/$J$11),0))*$J$10,0)} -> 168 | H27: {=ROUND(INDEX(Table1[Torque],MATCH(MIN(ABS(Table1[RPM]-Table3[[#This Row],[Flow]]/2.405*60*$K$7/$K$11)),ABS(Table1[RPM]-Table3[[#This Row],[Flow]]/2.405*60*$K$7/$K$11),0))*$K$10,0)} -> 77
A28: 30 | B28: {=ROUND(INDEX(Table1[Torque],MATCH(MIN(ABS(Table1[RPM]-Table3[[#This Row],[Flow]]/2.405*60*$B$7/$B$11)),ABS(Table1[RPM]-Table3[[#This Row],[Flow]]/2.405*60*$B$7/$B$11),0))*$B$10,0)} -> 161 | C28: {=ROUND(INDEX(Table1[Torque],MATCH(MIN(ABS(Table1[RPM]-Table3[[#This Row],[Flow]]/2.405*60*$F$7/$F$11)),ABS(Table1[RPM]-Table3[[#This Row],[Flow]]/2.405*60*$F$7/$F$11),0))*$F$10,0)} -> 160 | D28: {=ROUND(INDEX(Table1[Torque],MATCH(MIN(ABS(Table1[RPM]-Table3[[#This Row],[Flow]]/2.405*60*$G$7/$G$11)),ABS(Table1[RPM]-Table3[[#This Row],[Flow]]/2.405*60*$G$7/$G$11),0))*$G$10,0)} -> 125 | E28: {=ROUND(INDEX(Table1[Torque],MATCH(MIN(ABS(Table1[RPM]-Table3[[#This Row],[Flow]]/2.405*60*$H$7/$H$11)),ABS(Table1[RPM]-Table3[[#This Row],[Flow]]/2.405*60*$H$7/$H$11),0))*$H$10,0)} -> 117 | F28: {=ROUND(INDEX(Table1[Torque],MATCH(MIN(ABS(Table1[RPM]-Table3[[#This Row],[Flow]]/2.405*60*$I$7/$I$11)),ABS(Table1[RPM]-Table3[[#This Row],[Flow]]/2.405*60*$I$7/$I$11),0))*$I$10,0)} -> 161 | G28: {=ROUND(INDEX(Table1[Torque],MATCH(MIN(ABS(Table1[RPM]-Table3[[#This Row],[Flow]]/2.405*60*$J$7/$J$11)),ABS(Table1[RPM]-Table3[[#This Row],[Flow]]/2.405*60*$J$7/$J$11),0))*$J$10,0)} -> 171 | H28: {=ROUND(INDEX(Table1[Torque],MATCH(MIN(ABS(Table1[RPM]-Table3[[#This Row],[Flow]]/2.405*60*$K$7/$K$11)),ABS(Table1[RPM]-Table3[[#This Row],[Flow]]/2.405*60*$K$7/$K$11),0))*$K$10,0)} -> 78
A29: 35 | B29: {=ROUND(INDEX(Table1[Torque],MATCH(MIN(ABS(Table1[RPM]-Table3[[#This Row],[Flow]]/2.405*60*$B$7/$B$11)),ABS(Table1[RPM]-Table3[[#This Row],[Flow]]/2.405*60*$B$7/$B$11),0))*$B$10,0)} -> 165 | C29: {=ROUND(INDEX(Table1[Torque],MATCH(MIN(ABS(Table1[RPM]-Table3[[#This Row],[Flow]]/2.405*60*$F$7/$F$11)),ABS(Table1[RPM]-Table3[[#This Row],[Flow]]/2.405*60*$F$7/$F$11),0))*$F$10,0)} -> 163 | D29: {=ROUND(INDEX(Table1[Torque],MATCH(MIN(ABS(Table1[RPM]-Table3[[#This Row],[Flow]]/2.405*60*$G$7/$G$11)),ABS(Table1[RPM]-Table3[[#This Row],[Flow]]/2.405*60*$G$7/$G$11),0))*$G$10,0)} -> 128 | E29: {=ROUND(INDEX(Table1[Torque],MATCH(MIN(ABS(Table1[RPM]-Table3[[#This Row],[Flow]]/2.405*60*$H$7/$H$11)),ABS(Table1[RPM]-Table3[[#This Row],[Flow]]/2.405*60*$H$7/$H$11),0))*$H$10,0)} -> 119 | F29: {=ROUND(INDEX(Table1[Torque],MATCH(MIN(ABS(Table1[RPM]-Table3[[#This Row],[Flow]]/2.405*60*$I$7/$I$11)),ABS(Table1[RPM]-Table3[[#This Row],[Flow]]/2.405*60*$I$7/$I$11),0))*$I$10,0)} -> 165 | G29: {=ROUND(INDEX(Table1[Torque],MATCH(MIN(ABS(Table1[RPM]-Table3[[#This Row],[Flow]]/2.405*60*$J$7/$J$11)),ABS(Table1[RPM]-Table3[[#This Row],[Flow]]/2.405*60*$J$7/$J$11),0))*$J$10,0)} -> 175 | H29: {=ROUND(INDEX(Table1[Torque],MATCH(MIN(ABS(Table1[RPM]-Table3[[#This Row],[Flow]]/2.405*60*$K$7/$K$11)),ABS(Table1[RPM]-Table3[[#This Row],[Flow]]/2.405*60*$K$7/$K$11),0))*$K$10,0)} -> 78
A30: 40 | B30: {=ROUND(INDEX(Table1[Torque],MATCH(MIN(ABS(Table1[RPM]-Table3[[#This Row],[Flow]]/2.405*60*$B$7/$B$11)),ABS(Table1[RPM]-Table3[[#This Row],[Flow]]/2.405*60*$B$7/$B$11),0))*$B$10,0)} -> 166 | C30: {=ROUND(INDEX(Table1[Torque],MATCH(MIN(ABS(Table1[RPM]-Table3[[#This Row],[Flow]]/2.405*60*$F$7/$F$11)),ABS(Table1[RPM]-Table3[[#This Row],[Flow]]/2.405*60*$F$7/$F$11),0))*$F$10,0)} -> 167 | D30: {=ROUND(INDEX(Table1[Torque],MATCH(MIN(ABS(Table1[RPM]-Table3[[#This Row],[Flow]]/2.405*60*$G$7/$G$11)),ABS(Table1[RPM]-Table3[[#This Row],[Flow]]/2.405*60*$G$7/$G$11),0))*$G$10,0)} -> 129 | E30: {=ROUND(INDEX(Table1[Torque],MATCH(MIN(ABS(Table1[RPM]-Table3[[#This Row],[Flow]]/2.405*60*$H$7/$H$11)),ABS(Table1[RPM]-Table3[[#This Row],[Flow]]/2.405*60*$H$7/$H$11),0))*$H$10,0)} -> 121 | F30: {=ROUND(INDEX(Table1[Torque],MATCH(MIN(ABS(Table1[RPM]-Table3[[#This Row],[Flow]]/2.405*60*$I$7/$I$11)),ABS(Table1[RPM]-Table3[[#This Row],[Flow]]/2.405*60*$I$7/$I$11),0))*$I$10,0)} -> 167 | G30: {=ROUND(INDEX(Table1[Torque],MATCH(MIN(ABS(Table1[RPM]-Table3[[#This Row],[Flow]]/2.405*60*$J$7/$J$11)),ABS(Table1[RPM]-Table3[[#This Row],[Flow]]/2.405*60*$J$7/$J$11),0))*$J$10,0)} -> 177 | H30: {=ROUND(INDEX(Table1[Torque],MATCH(MIN(ABS(Table1[RPM]-Table3[[#This Row],[Flow]]/2.405*60*$K$7/$K$11)),ABS(Table1[RPM]-Table3[[#This Row],[Flow]]/2.405*60*$K$7/$K$11),0))*$K$10,0)} -> 79
A31: 45 | B31: {=ROUND(INDEX(Table1[Torque],MATCH(MIN(ABS(Table1[RPM]-Table3[[#This Row],[Flow]]/2.405*60*$B$7/$B$11)),ABS(Table1[RPM]-Table3[[#This Row],[Flow]]/2.405*60*$B$7/$B$11),0))*$B$10,0)} -> 170 | C31: {=ROUND(INDEX(Table1[Torque],MATCH(MIN(ABS(Table1[RPM]-Table3[[#This Row],[Flow]]/2.405*60*$F$7/$F$11)),ABS(Table1[RPM]-Table3[[#This Row],[Flow]]/2.405*60*$F$7/$F$11),0))*$F$10,0)} -> 168 | D31: {=ROUND(INDEX(Table1[Torque],MATCH(MIN(ABS(Table1[RPM]-Table3[[#This Row],[Flow]]/2.405*60*$G$7/$G$11)),ABS(Table1[RPM]-Table3[[#This Row],[Flow]]/2.405*60*$G$7/$G$11),0))*$G$10,0)} -> 131 | E31: {=ROUND(INDEX(Table1[Torque],MATCH(MIN(ABS(Table1[RPM]-Table3[[#This Row],[Flow]]/2.405*60*$H$7/$H$11)),ABS(Table1[RPM]-Table3[[#This Row],[Flow]]/2.405*60*$H$7/$H$11),0))*$H$10,0)} -> 123 | F31: {=ROUND(INDEX(Table1[Torque],MATCH(MIN(ABS(Table1[RPM]-Table3[[#This Row],[Flow]]/2.405*60*$I$7/$I$11)),ABS(Table1[RPM]-Table3[[#This Row],[Flow]]/2.405*60*$I$7/$I$11),0))*$I$10,0)} -> 169 | G31: {=ROUND(INDEX(Table1[Torque],MATCH(MIN(ABS(Table1[RPM]-Table3[[#This Row],[Flow]]/2.405*60*$J$7/$J$11)),ABS(Table1[RPM]-Table3[[#This Row],[Flow]]/2.405*60*$J$7/$J$11),0))*$J$10,0)} -> 181 | H31: {=ROUND(INDEX(Table1[Torque],MATCH(MIN(ABS(Table1[RPM]-Table3[[#This Row],[Flow]]/2.405*60*$K$7/$K$11)),ABS(Table1[RPM]-Table3[[#This Row],[Flow]]/2.405*60*$K$7/$K$11),0))*$K$10,0)} -> 80
A32: 50 | B32: {=ROUND(INDEX(Table1[Torque],MATCH(MIN(ABS(Table1[RPM]-Table3[[#This Row],[Flow]]/2.405*60*$B$7/$B$11)),ABS(Table1[RPM]-Table3[[#This Row],[Flow]]/2.405*60*$B$7/$B$11),0))*$B$10,0)} -> 173 | C32: {=ROUND(INDEX(Table1[Torque],MATCH(MIN(ABS(Table1[RPM]-Table3[[#This Row],[Flow]]/2.405*60*$F$7/$F$11)),ABS(Table1[RPM]-Table3[[#This Row],[Flow]]/2.405*60*$F$7/$F$11),0))*$F$10,0)} -> 172 | D32: {=ROUND(INDEX(Table1[Torque],MATCH(MIN(ABS(Table1[RPM]-Table3[[#This Row],[Flow]]/2.405*60*$G$7/$G$11)),ABS(Table1[RPM]-Table3[[#This Row],[Flow]]/2.405*60*$G$7/$G$11),0))*$G$10,0)} -> 133 | E32: {=ROUND(INDEX(Table1[Torque],MATCH(MIN(ABS(Table1[RPM]-Table3[[#This Row],[Flow]]/2.405*60*$H$7/$H$11)),ABS(Table1[RPM]-Table3[[#This Row],[Flow]]/2.405*60*$H$7/$H$11),0))*$H$10,0)} -> 124 | F32: {=ROUND(INDEX(Table1[Torque],MATCH(MIN(ABS(Table1[RPM]-Table3[[#This Row],[Flow]]/2.405*60*$I$7/$I$11)),ABS(Table1[RPM]-Table3[[#This Row],[Flow]]/2.405*60*$I$7/$I$11),0))*$I$10,0)} -> 173 | G32: {=ROUND(INDEX(Table1[Torque],MATCH(MIN(ABS(Table1[RPM]-Table3[[#This Row],[Flow]]/2.405*60*$J$7/$J$11)),ABS(Table1[RPM]-Table3[[#This Row],[Flow]]/2.405*60*$J$7/$J$11),0))*$J$10,0)} -> 184 | H32: {=ROUND(INDEX(Table1[Torque],MATCH(MIN(ABS(Table1[RPM]-Table3[[#This Row],[Flow]]/2.405*60*$K$7/$K$11)),ABS(Table1[RPM]-Table3[[#This Row],[Flow]]/2.405*60*$K$7/$K$11),0))*$K$10,0)} -> 81
A33: 55 | B33: {=ROUND(INDEX(Table1[Torque],MATCH(MIN(ABS(Table1[RPM]-Table3[[#This Row],[Flow]]/2.405*60*$B$7/$B$11)),ABS(Table1[RPM]-Table3[[#This Row],[Flow]]/2.405*60*$B$7/$B$11),0))*$B$10,0)} -> 175 | C33: {=ROUND(INDEX(Table1[Torque],MATCH(MIN(ABS(Table1[RPM]-Table3[[#This Row],[Flow]]/2.405*60*$F$7/$F$11)),ABS(Table1[RPM]-Table3[[#This Row],[Flow]]/2.405*60*$F$7/$F$11),0))*$F$10,0)} -> 175 | D33: {=ROUND(INDEX(Table1[Torque],MATCH(MIN(ABS(Table1[RPM]-Table3[[#This Row],[Flow]]/2.405*60*$G$7/$G$11)),ABS(Table1[RPM]-Table3[[#This Row],[Flow]]/2.405*60*$G$7/$G$11),0))*$G$10,0)} -> 135 | E33: {=ROUND(INDEX(Table1[Torque],MATCH(MIN(ABS(Table1[RPM]-Table3[[#This Row],[Flow]]/2.405*60*$H$7/$H$11)),ABS(Table1[RPM]-Table3[[#This Row],[Flow]]/2.405*60*$H$7/$H$11),0))*$H$10,0)} -> 126 | F33: {=ROUND(INDEX(Table1[Torque],MATCH(MIN(ABS(Table1[RPM]-Table3[[#This Row],[Flow]]/2.405*60*$I$7/$I$11)),ABS(Table1[RPM]-Table3[[#This Row],[Flow]]/2.405*60*$I$7/$I$11),0))*$I$10,0)} -> 175 | G33: {=ROUND(INDEX(Table1[Torque],MATCH(MIN(ABS(Table1[RPM]-Table3[[#This Row],[Flow]]/2.405*60*$J$7/$J$11)),ABS(Table1[RPM]-Table3[[#This Row],[Flow]]/2.405*60*$J$7/$J$11),0))*$J$10,0)} -> 186 | H33: {=ROUND(INDEX(Table1[Torque],MATCH(MIN(ABS(Table1[RPM]-Table3[[#This Row],[Flow]]/2.405*60*$K$7/$K$11)),ABS(Table1[RPM]-Table3[[#This Row],[Flow]]/2.405*60*$K$7/$K$11),0))*$K$10,0)} -> 82
A34: 60 | B34: {=ROUND(INDEX(Table1[Torque],MATCH(MIN(ABS(Table1[RPM]-Table3[[#This Row],[Flow]]/2.405*60*$B$7/$B$11)),ABS(Table1[RPM]-Table3[[#This Row],[Flow]]/2.405*60*$B$7/$B$11),0))*$B$10,0)} -> 176 | C34: {=ROUND(INDEX(Table1[Torque],MATCH(MIN(ABS(Table1[RPM]-Table3[[#This Row],[Flow]]/2.405*60*$F$7/$F$11)),ABS(Table1[RPM]-Table3[[#This Row],[Flow]]/2.405*60*$F$7/$F$11),0))*$F$10,0)} -> 177 | D34: {=ROUND(INDEX(Table1[Torque],MATCH(MIN(ABS(Table1[RPM]-Table3[[#This Row],[Flow]]/2.405*60*$G$7/$G$11)),ABS(Table1[RPM]-Table3[[#This Row],[Flow]]/2.405*60*$G$7/$G$11),0))*$G$10,0)} -> 136 | E34: {=ROUND(INDEX(Table1[Torque],MATCH(MIN(ABS(Table1[RPM]-Table3[[#This Row],[Flow]]/2.405*60*$H$7/$H$11)),ABS(Table1[RPM]-Table3[[#This Row],[Flow]]/2.405*60*$H$7/$H$11),0))*$H$10,0)} -> 127 | F34: {=ROUND(INDEX(Table1[Torque],MATCH(MIN(ABS(Table1[RPM]-Table3[[#This Row],[Flow]]/2.405*60*$I$7/$I$11)),ABS(Table1[RPM]-Table3[[#This Row],[Flow]]/2.405*60*$I$7/$I$11),0))*$I$10,0)} -> 177 | G34: {=ROUND(INDEX(Table1[Torque],MATCH(MIN(ABS(Table1[RPM]-Table3[[#This Row],[Flow]]/2.405*60*$J$7/$J$11)),ABS(Table1[RPM]-Table3[[#This Row],[Flow]]/2.405*60*$J$7/$J$11),0))*$J$10,0)} -> 187 | H34: {=ROUND(INDEX(Table1[Torque],MATCH(MIN(ABS(Table1[RPM]-Table3[[#This Row],[Flow]]/2.405*60*$K$7/$K$11)),ABS(Table1[RPM]-Table3[[#This Row],[Flow]]/2.405*60*$K$7/$K$11),0))*$K$10,0)} -> 83
A35: 65 | B35: {=ROUND(INDEX(Table1[Torque],MATCH(MIN(ABS(Table1[RPM]-Table3[[#This Row],[Flow]]/2.405*60*$B$7/$B$11)),ABS(Table1[RPM]-Table3[[#This Row],[Flow]]/2.405*60*$B$7/$B$11),0))*$B$10,0)} -> 178 | C35: {=ROUND(INDEX(Table1[Torque],MATCH(MIN(ABS(Table1[RPM]-Table3[[#This Row],[Flow]]/2.405*60*$F$7/$F$11)),ABS(Table1[RPM]-Table3[[#This Row],[Flow]]/2.405*60*$F$7/$F$11),0))*$F$10,0)} -> 178 | D35: {=ROUND(INDEX(Table1[Torque],MATCH(MIN(ABS(Table1[RPM]-Table3[[#This Row],[Flow]]/2.405*60*$G$7/$G$11)),ABS(Table1[RPM]-Table3[[#This Row],[Flow]]/2.405*60*$G$7/$G$11),0))*$G$10,0)} -> 139 | E35: {=ROUND(INDEX(Table1[Torque],MATCH(MIN(ABS(Table1[RPM]-Table3[[#This Row],[Flow]]/2.405*60*$H$7/$H$11)),ABS(Table1[RPM]-Table3[[#This Row],[Flow]]/2.405*60*$H$7/$H$11),0))*$H$10,0)} -> 129 | F35: {=ROUND(INDEX(Table1[Torque],MATCH(MIN(ABS(Table1[RPM]-Table3[[#This Row],[Flow]]/2.405*60*$I$7/$I$11)),ABS(Table1[RPM]-Table3[[#This Row],[Flow]]/2.405*60*$I$7/$I$11),0))*$I$10,0)} -> 178 | G35: {=ROUND(INDEX(Table1[Torque],MATCH(MIN(ABS(Table1[RPM]-Table3[[#This Row],[Flow]]/2.405*60*$J$7/$J$11)),ABS(Table1[RPM]-Table3[[#This Row],[Flow]]/2.405*60*$J$7/$J$11),0))*$J$10,0)} -> 189 | H35: {=ROUND(INDEX(Table1[Torque],MATCH(MIN(ABS(Table1[RPM]-Table3[[#This Row],[Flow]]/2.405*60*$K$7/$K$11)),ABS(Table1[RPM]-Table3[[#This Row],[Flow]]/2.405*60*$K$7/$K$11),0))*$K$10,0)} -> 83
... A44: 110 | B44: {=ROUND(INDEX(Table1[Torque],MATCH(MIN(ABS(Table1[RPM]-Table3[[#This Row],[Flow]]/2.405*60*$B$7/$B$11)),ABS(Table1[RPM]-Table3[[#This Row],[Flow]]/2.405*60*$B$7/$B$11),0))*$B$10,0)} -> 170 | C44: {=ROUND(INDEX(Table1[Torque],MATCH(MIN(ABS(Table1[RPM]-Table3[[#This Row],[Flow]]/2.405*60*$F$7/$F$11)),ABS(Table1[RPM]-Table3[[#This Row],[Flow]]/2.405*60*$F$7/$F$11),0))*$F$10,0)} -> 174 | D44: {=ROUND(INDEX(Table1[Torque],MATCH(MIN(ABS(Table1[RPM]-Table3[[#This Row],[Flow]]/2.405*60*$G$7/$G$11)),ABS(Table1[RPM]-Table3[[#This Row],[Flow]]/2.405*60*$G$7/$G$11),0))*$G$10,0)} -> 145 | E44: {=ROUND(INDEX(Table1[Torque],MATCH(MIN(ABS(Table1[RPM]-Table3[[#This Row],[Flow]]/2.405*60*$H$7/$H$11)),ABS(Table1[RPM]-Table3[[#This Row],[Flow]]/2.405*60*$H$7/$H$11),0))*$H$10,0)} -> 137 | F44: {=ROUND(INDEX(Table1[Torque],MATCH(MIN(ABS(Table1[RPM]-Table3[[#This Row],[Flow]]/2.405*60*$I$7/$I$11)),ABS(Table1[RPM]-Table3[[#This Row],[Flow]]/2.405*60*$I$7/$I$11),0))*$I$10,0)} -> 175 | G44: {=ROUND(INDEX(Table1[Torque],MATCH(MIN(ABS(Table1[RPM]-Table3[[#This Row],[Flow]]/2.405*60*$J$7/$J$11)),ABS(Table1[RPM]-Table3[[#This Row],[Flow]]/2.405*60*$J$7/$J$11),0))*$J$10,0)} -> 175 | H44: {=ROUND(INDEX(Table1[Torque],MATCH(MIN(ABS(Table1[RPM]-Table3[[#This Row],[Flow]]/2.405*60*$K$7/$K$11)),ABS(Table1[RPM]-Table3[[#This Row],[Flow]]/2.405*60*$K$7/$K$11),0))*$K$10,0)} -> 90

Sheet Gear Calculator
A1: Tooth Count 1 | B1: Tooth Count 2 | C1: Distance
A2: 17 | B2: 36 | C2: =0.5*(B2+A2)/2 -> 13.25
A3: 36 | B3: 36 | C3: =0.5*(B3+A3)/2 -> 18
A4: 6 | B4: 44 | C4: =0.5*(B4+A4)/2 -> 12.5

Sheet Torque
A1: LDO-36STH20
A2: RPM | B2: Torque
A3: 0 | B3: 95
A4: 10 | B4: 95
A5: 20 | B5: 95
A6: 30 | B6: 95
A7: 40 | B7: 95
A8: 50 | B8: 95
A9: 60 | B9: 95
A10: 70 | B10: 95
A11: 80 | B11: 95
A12: 90 | B12: 95
A13: 100 | B13: 95
A14: 110 | B14: 95.4
... A26: 230 | B26: 101.8
A27: 240 | B27: 102.4 | G27: https://github.com/Annex-Engineering/Annex-Engineering.github.io/blob/master/extruder_force.md
A28: 250 | B28: 103
A29: 260 | B29: 103.4
A30: 270 | B30: 103.8
A31: 280 | B31: 104.2
A32: 290 | B32: 104.6
A33: 300 | B33: 105
A34: 310 | B34: 105.6
A35: 320 | B35: 106.2
A36: 330 | B36: 106.8
A37: 340 | B37: 107.4
A38: 350 | B38: 108
A39: 360 | B39: 108.4
... A183: 1800 | B183: 36
